Nombre,Primer Apellido,Segundo Apellido,Edad,Sexo
María José,García López,Rodríguez,34,Femenino
Carlos Alberto,Martínez Sánchez,Hernández,45,Masculino
Francisca Javier,Pérez Morales,González,28,Femenino
Luis Manuel,Fernández Ruiz,Díaz,52,Masculino
Rosa María,Jiménez Flores,Vargas,31,Femenino
Juan Carlos,Ramírez Torres,Castillo,39,Masculino
Ana Isabel,Domínguez Reyes,Navarro,26,Femenino
Miguel Ángel,Vázquez Medina,Cortés,48,Masculino
Soledad,Romero Bravo,Acosta,35,Femenino
Fernando,Cruz Mendoza,Delgado,41,Masculino
